Ticker,Report_Year,Event_Target_Date,Event_Actual_Date,Volatility_90d_Annualized,CAR_minus5_to_plus5
AADI.JK,2024,2025-03-04,2025-03-04,0.8442477686495837,-0.17894973091028113
AALI.JK,2023,2024-02-23,2024-02-23,0.1641193555975168,9.427907940195816e-05
AALI.JK,2024,2025-02-20,2025-02-20,0.20904252227451142,0.042712216963053086
ACRO.JK,2023,2024-03-30,2024-04-01,1.1163352388941576,-0.2303802940196942
ACRO.JK,2024,2025-04-07,2025-04-08,0.831472588311247,-0.0016527547352530973
ADMF.JK,2023,2024-04-22,2024-04-22,0.24970396544202347,-0.10080357953440151
ADMF.JK,2024,2025-02-15,2025-02-17,0.12423969083484449,-0.03590851193122872
ADMR.JK,2023,2024-02-29,2024-02-29,0.5366845172786497,-0.003271580679064353
ADMR.JK,2024,2025-03-03,2025-03-03,0.35480236304503104,0.12317633395356549
ADRO.JK,2023,2024-03-01,2024-03-01,0.2698895599502797,0.09548657577612062
ADRO.JK,2024,2025-03-04,2025-03-04,0.7011906886091509,-0.16498409101367587
AEGS.JK,2023,2024-03-27,2024-03-27,0.9168954866678785,-0.004131572643088388
AEGS.JK,2024,2025-03-19,2025-03-19,0.6474178404334473,0.3468688894905684
AKRA.JK,2023,2024-03-21,2024-03-21,0.23582410338970444,-0.04502197534527878
AKRA.JK,2024,2025-03-19,2025-03-19,0.45295222559285947,-0.13096319523568986
ALDO.JK,2023,2024-04-16,2024-04-16,0.4261758259199543,-0.050115424877669304
ALDO.JK,2024,2025-04-02,2025-04-08,0.46741904691743624,0.03932014472153916
ALII.JK,2024,2025-03-26,2025-03-26,0.27025750503453916,0.08038908529090369
ALTO.JK,2023,2024-06-20,2024-06-20,0.7467948763114748,0.4314335292305203
AMFG.JK,2023,2024-03-14,2024-03-14,0.11632944614960122,-0.020813339332776234
AMFG.JK,2024,2025-03-19,2025-03-19,0.20225804249590335,0.11339736675565718
AMMN.JK,2023,2024-03-27,2024-03-27,0.5327066004515071,-0.04248222374305904
AMMN.JK,2024,2025-03-20,2025-03-20,0.5338131307663079,-0.12020633067775302
AMOR.JK,2023,2024-09-05,2024-09-05,0.39209277689020755,0.15683619315702968
AMOR.JK,2024,2025-09-08,2025-09-08,0.21725054359610618,-0.03427861064455588
ANDI.JK,2023,2024-03-28,2024-03-28,0.0,-0.7842254149307418
ANDI.JK,2024,2025-04-09,2025-04-09,1.5156264361143044,-0.38824980574980567
ANJT.JK,2023,2024-03-29,2024-04-01,0.17124169987704188,-0.0122321102382946
ANJT.JK,2024,2025-03-14,2025-03-14,0.3150685424414778,0.4502113887312035
ANTM.JK,2023,2024-03-29,2024-04-01,0.31498512050166416,0.06531604619729026
ANTM.JK,2024,2025-04-08,2025-04-08,0.45469991367995066,0.13238935491925435
APIC.JK,2023,2024-04-02,2024-04-02,0.3113895753129671,0.0012229333636603196
ARCI.JK,2023,2024-03-27,2024-03-27,0.45095913114131175,0.03114233127515903
ARCI.JK,2024,2025-03-31,2025-04-08,0.3909408715473259,0.09642984520737091
ARGO.JK,2023,2024-05-07,2024-05-07,0.14444670230475976,-0.001872892187635887
ARGO.JK,2024,2025-04-21,2025-04-21,0.7366947026199716,0.03775032781034165
ARII.JK,2023,2024-03-31,2024-04-01,0.7374567935540352,-0.007463356023702697
ARII.JK,2024,2025-04-08,2025-04-08,0.3965920558260293,0.1036094644977508
ARKA.JK,2023,2024-03-31,2024-04-01,0.0,-0.8751345058398328
ARKA.JK,2024,2025-05-14,2025-05-14,0.7901281586018767,0.8404512347958247
ARKO.JK,2023,2024-03-08,2024-03-08,0.5233117410750712,-0.13375903529739647
ARKO.JK,2024,2025-03-21,2025-03-21,0.4586742599920093,-0.04051771971493922
ASLI.JK,2023,2024-04-01,2024-04-01,0.7960757217557978,0.11187527039872769
ASLI.JK,2024,2025-06-25,2025-06-25,0.11433782051870513,-0.0002838947544829779
AUTO.JK,2023,2024-02-29,2024-02-29,0.41058130099956863,-0.030622676549677645
AUTO.JK,2024,2025-02-24,2025-02-24,0.31713184548809364,0.016242913470336583
AVIA.JK,2023,2024-03-04,2024-03-04,0.4708251674211688,-0.029304395197479904
AVIA.JK,2024,2025-02-26,2025-02-26,0.3246774842817117,0.05955543725001395
AXIO.JK,2023,2024-03-31,2024-04-01,0.3847826908062819,-0.028712589920096326
AXIO.JK,2024,2025-04-02,2025-04-08,0.3763716834423476,-0.04169591447833963
AYAM.JK,2023,2024-05-16,2024-05-16,0.6037296158474365,0.04666706854085379
AYAM.JK,2024,2025-03-27,2025-03-27,0.48270737961156873,0.001615460407743673
BAIK.JK,2024,2025-05-20,2025-05-20,0.9852213829105329,0.42871955421418595
BAJA.JK,2023,2024-04-01,2024-04-01,0.24831184064369313,0.04296899371786726
BAJA.JK,2024,2025-04-08,2025-04-08,0.5489390589692305,-0.037895296308057616
BAPA.JK,2023,2024-04-02,2024-04-02,0.7670534869862358,-0.004716990110634603
BAPA.JK,2024,2025-04-08,2025-04-08,0.46211443239064875,0.02575640884686726
BATR.JK,2024,2025-03-30,2025-04-08,0.33984970719455704,0.029689572541391512
BBLD.JK,2023,2024-03-28,2024-03-28,0.6177528175224722,0.16579976580177458
BBLD.JK,2024,2025-04-11,2025-04-11,0.37565648399522544,0.09066734213053748
BBRM.JK,2023,2024-03-28,2024-03-28,0.45281789899884356,-0.011323420099595695
BBRM.JK,2024,2025-03-26,2025-03-26,0.39020057012559445,0.010698685132861388
BCIP.JK,2023,2024-04-04,2024-04-04,0.29434350448165797,0.02279813002571378
BCIP.JK,2024,2025-04-08,2025-04-08,0.4277737572915288,0.020333070914107333
BDKR.JK,2023,2024-03-28,2024-03-28,0.25578991763954345,0.04301758448833676
BDKR.JK,2024,2025-03-26,2025-03-26,1.1098015775803574,-0.1496051071403563
BEBS.JK,2023,2024-04-03,2024-04-03,0.0,0.0
BEEF.JK,2023,2024-04-01,2024-04-01,0.7395167417981787,-0.23239515615000364
BEEF.JK,2024,2025-04-03,2025-04-08,0.6088688957804462,0.4462330767832754
BELL.JK,2023,2024-03-28,2024-03-28,0.6936092528550545,-0.10298415071841088
BELL.JK,2024,2025-03-24,2025-03-24,0.7063430967429534,0.01291667683437002
BESS.JK,2023,2024-05-20,2024-05-20,0.5228000088126038,-0.07591049879600409
BESS.JK,2024,2025-03-27,2025-03-27,1.032476371094043,-0.5253130260627572
BFIN.JK,2023,2024-02-23,2024-02-23,0.3653238698738767,0.020606395587355286
BFIN.JK,2024,2025-02-24,2025-02-24,0.32195931147075113,0.036611325517489954
BINO.JK,2023,2024-03-31,2024-04-01,0.12841430783037794,-0.009824969040159292
BINO.JK,2024,2025-03-29,2025-04-08,1.000569982411414,0.04218978634669756
BIPI.JK,2024,2025-05-27,2025-05-27,0.42067445040575435,-0.05535704584846986
BIRD.JK,2023,2024-03-28,2024-03-28,0.2744709694095386,0.01900575167892028
BIRD.JK,2024,2025-03-25,2025-03-25,0.2735518658760831,0.010723417226639026
BKDP.JK,2023,2024-04-03,2024-04-03,0.5130088521245664,-0.026810823008292694
BKDP.JK,2024,2025-03-29,2025-04-08,0.36383602059492626,-0.04812492513092003
BLTA.JK,2023,2024-04-15,2024-04-16,0.2739624660562265,-0.7055531873142291
BLTA.JK,2024,2025-03-29,2025-04-08,0.5539897521275623,-0.040013923698134446
BLTZ.JK,2023,2024-04-02,2024-04-02,0.9426186738166298,-0.009505983383726135
BLTZ.JK,2024,2025-03-27,2025-03-27,0.18452528520785863,0.018042328042328044
BOAT.JK,2024,2025-03-26,2025-03-26,1.3598645681643036,0.07577814769119129
BOBA.JK,2023,2024-03-20,2024-03-20,0.31527193621850524,-0.000729606186854386
BOBA.JK,2024,2025-03-20,2025-03-20,0.4840335505674671,-0.04137151409940705
BOGA.JK,2023,2024-03-28,2024-03-28,0.1421469720880559,-0.19440390733399798
BOGA.JK,2024,2025-03-28,2025-04-08,0.4006998436377565,-0.18489859427554292
BOLT.JK,2023,2024-05-27,2024-05-27,0.2209205718854953,0.1384511319795835
BOLT.JK,2024,2025-03-27,2025-03-27,0.2729508959385049,-0.13891702390978597
BRAM.JK,2023,2024-03-28,2024-03-28,0.2828088311487683,-0.036981443876405076
BRAM.JK,2024,2025-03-27,2025-03-27,0.3324796297853042,0.014058415471862155
BREN.JK,2023,2024-03-19,2024-03-19,0.8984515410604561,-0.22746113804372495
BREN.JK,2024,2025-03-21,2025-03-21,0.7596848299281277,-0.21478174046269424
BRMS.JK,2023,2024-04-02,2024-04-02,0.4096167394240886,0.0974159466508042
BRMS.JK,2024,2025-03-25,2025-03-25,0.7944436610267013,-0.2415044658675202
BRNA.JK,2023,2024-03-31,2024-04-01,0.5447269626367658,-0.11427777153782342
BRNA.JK,2024,2025-04-07,2025-04-08,0.6112848094026606,-0.016982172367119113
BRRC.JK,2024,2025-03-28,2025-04-08,2.04451937286646,0.26800860819406913
BSML.JK,2023,2024-03-30,2024-04-01,0.7684597735405617,0.023722824713500817
BSML.JK,2024,2025-03-29,2025-04-08,0.8677132422798269,-0.2504152643196787
BSSR.JK,2023,2024-03-22,2024-03-22,0.22241093038409698,0.014713858915532787
BSSR.JK,2024,2025-03-28,2025-04-08,0.18395034900833424,0.01024862264198162
BTEK.JK,2023,2024-03-31,2024-04-01,0.0,-0.8751345058398328
BTEK.JK,2024,2025-04-07,2025-04-08,2.4775700050686864,-0.47507936507936493
BUDI.JK,2023,2024-03-28,2024-03-28,0.30315981125810765,0.061066611587639964
BUDI.JK,2024,2025-03-27,2025-03-27,0.17830401917854988,0.01819943584851849
BUKA.JK,2023,2024-03-23,2024-03-25,0.3376509161071749,0.04574361104353808
BUKA.JK,2024,2025-03-19,2025-03-19,0.4327963795574432,0.07042803979495688
BWPT.JK,2023,2024-03-03,2024-03-04,0.24819930703019163,0.09015438900201266
BWPT.JK,2024,2025-07-18,2025-07-18,0.36599882869891315,0.47817357597325755
BYAN.JK,2023,2024-03-04,2024-03-04,0.2014556843229775,-0.01249987803660016
BYAN.JK,2024,2025-03-03,2025-03-03,0.1691946598523399,-0.03403927819793719
CAMP.JK,2023,2024-04-01,2024-04-01,0.3177277621690543,0.14406253267546226
CAMP.JK,2024,2025-03-25,2025-03-25,0.3898095616025353,0.05514603736743333
CANI.JK,2023,2024-09-27,2024-09-27,0.8162824797104232,0.026875355991049284
CANI.JK,2024,2025-09-19,2025-09-19,0.7346914975530714,0.2745271317276313
CASH.JK,2023,2024-03-30,2024-04-01,0.712511176632163,-0.10203642085241668
CASH.JK,2024,2025-04-08,2025-04-08,0.5784938755315718,0.03443431099387402
CBPE.JK,2023,2024-10-22,2024-10-22,0.6164341946757903,0.0678445205745663
CBPE.JK,2024,2025-03-27,2025-03-27,0.6465063753861994,-0.010639341091895627
CBUT.JK,2023,2024-03-26,2024-03-26,0.8899311022360118,-0.1522593463149419
CBUT.JK,2024,2025-03-11,2025-03-11,0.47020418750602977,-0.037007092516428815
CEKA.JK,2023,2024-03-19,2024-03-19,0.11370460504893935,0.003909924165254891
CEKA.JK,2024,2025-03-13,2025-03-13,0.22294043683478984,0.06784559225384754
CFIN.JK,2023,2024-02-23,2024-02-23,0.31396029081686216,0.041998942544108006
CFIN.JK,2024,2025-02-26,2025-02-26,0.2903279204976508,-0.047348379180430424
CGAS.JK,2023,2024-05-17,2024-05-17,1.9787307233781304,0.014365657979633732
CGAS.JK,2024,2025-03-26,2025-03-26,0.6407718731431169,-0.016701185925642674
CHIP.JK,2023,2024-03-26,2024-03-26,0.4867287758754706,0.014849350773077412
CHIP.JK,2024,2025-03-28,2025-04-08,0.2739653397096491,-0.03237729610595904
CITA.JK,2023,2024-03-28,2024-03-28,0.7387123913171069,-0.03505481930723965
CITA.JK,2024,2025-03-27,2025-03-27,0.552273005789007,0.0369280145101248
CLAY.JK,2023,2024-04-01,2024-04-01,0.8310856553705254,-0.08665472843712277
CLAY.JK,2024,2025-04-11,2025-04-11,0.6426358885027681,-0.10841784913670863
CLEO.JK,2023,2024-04-03,2024-04-03,0.31738199235840114,0.11820308808378817
CLEO.JK,2024,2025-03-25,2025-03-25,0.4363851240210172,0.2863074544843402
CMPP.JK,2023,2024-05-13,2024-05-13,0.4992266384606941,0.030874433989589122
CMPP.JK,2024,2025-03-27,2025-03-27,0.46587173368927687,-0.1373032993840929
CMRY.JK,2023,2024-03-06,2024-03-06,0.34994303261098125,0.07167500566226394
CMRY.JK,2024,2025-04-08,2025-04-08,0.37818233337605284,0.09575319697129704
CNKO.JK,2023,2024-03-18,2024-03-18,0.0,-0.09999999999999998
CNKO.JK,2024,2025-03-21,2025-03-21,1.3777464121735634,-0.292180205955822
CNTX.JK,2024,2025-06-30,2025-06-30,0.0,0.0
COAL.JK,2023,2024-05-29,2024-05-29,0.12002654404197864,-0.36542201311785233
COAL.JK,2024,2025-04-15,2025-04-15,0.579772789712651,-0.09773131291196065
COCO.JK,2023,2024-04-01,2024-04-01,0.4848978696927353,0.1302557445215332
COCO.JK,2024,2025-04-08,2025-04-08,0.7378873663449989,-0.12685391410274527
CRAB.JK,2023,2024-03-28,2024-03-28,0.4318117533843249,0.24894883378827215
CRAB.JK,2024,2025-03-28,2025-04-08,0.15645582221565096,-0.029797442665454373
CRSN.JK,2023,2024-03-27,2024-03-27,0.43907996961739143,0.0020685705181316158
CRSN.JK,2024,2025-04-29,2025-04-29,0.3360157878493972,0.01585194412498519
CSRA.JK,2023,2024-04-27,2024-04-29,0.38165029225794855,-0.032701925389567406
CSRA.JK,2024,2025-04-08,2025-04-08,0.23394301030789158,0.03744620255004403
DAAZ.JK,2024,2025-03-21,2025-03-21,1.5264319305925513,-0.6020458810172274
DADA.JK,2023,2024-04-01,2024-04-01,1.3643894841924686,0.2996888644063273
DADA.JK,2024,2025-07-04,2025-07-04,1.3295593354726845,0.3209214735359561
DART.JK,2023,2024-05-22,2024-05-22,0.7343171238527475,-0.03199473991755078
DART.JK,2024,2025-07-01,2025-07-01,0.3461934649927911,0.028488310063553436
DATA.JK,2024,2025-03-25,2025-03-25,1.4797004774209503,-0.1370328843201525
DCII.JK,2023,2024-03-19,2024-03-19,0.8068646289952252,0.011906027502143765
DCII.JK,2024,2025-03-11,2025-03-11,0.8529802693424435,-0.027580591790881293
DEFI.JK,2023,2024-03-27,2024-03-27,0.0,0.0
DEWA.JK,2023,2024-04-18,2024-04-18,0.5266103792128276,0.03159267189342704
DEWA.JK,2024,2025-03-25,2025-03-25,0.7841706108594625,-0.2901001698108252
DFAM.JK,2023,2024-03-28,2024-03-28,0.6518823382821709,-0.001728267032615221
DFAM.JK,2024,2025-03-17,2025-03-17,0.13090961588053993,0.0044241251411063056
DGIK.JK,2023,2024-03-28,2024-03-28,0.3352182408246978,-0.040369958113387845
DGIK.JK,2024,2025-04-04,2025-04-08,0.2325048436572172,0.015003521360484967
DGNS.JK,2023,2024-03-04,2024-03-04,0.38990659622406265,0.13935683205994948
DGNS.JK,2024,2025-03-28,2025-04-08,0.48876214100017384,0.07683631000723387
DGWG.JK,2024,2025-04-10,2025-04-10,0.92968183726629,0.10832381716281267
DLTA.JK,2023,2024-05-20,2024-05-20,0.09936324769773144,0.04794693880649428
DLTA.JK,2024,2025-04-08,2025-04-08,0.23929956016898488,0.0026859210829792424
DMND.JK,2023,2024-03-28,2024-03-28,0.17848366375966324,-0.04333295074760394
DMND.JK,2024,2025-03-27,2025-03-27,0.2989202285200114,-0.014608647621417307
DOID.JK,2023,2024-03-13,2024-03-13,0.35619667639973,0.2521190520821774
DOID.JK,2024,2025-03-27,2025-03-27,0.5069989727173552,0.08116893576291068
DOOH.JK,2023,2024-05-13,2024-05-13,0.9599259293409567,-0.039224061710932095
DOOH.JK,2024,2025-04-08,2025-04-08,1.233817905730263,-0.13118339597837836
DPUM.JK,2023,2024-04-09,2024-04-16,0.6866598130745469,-0.1293962925507537
DPUM.JK,2024,2025-04-08,2025-04-08,1.238933887626569,-0.02545423250125252
DRMA.JK,2023,2024-03-04,2024-03-04,0.5296384811025023,-0.06795918365979875
DRMA.JK,2024,2025-03-06,2025-03-06,0.2549448952725416,0.03506887282774592
DSNG.JK,2023,2024-03-04,2024-03-04,0.2540536594237774,0.13909410050145476
DSNG.JK,2024,2025-02-27,2025-02-27,0.653490764049691,-0.06296264957092623
DSSA.JK,2023,2024-04-18,2024-04-18,0.8561756490781461,-0.10292544623478767
DSSA.JK,2024,2025-03-20,2025-03-20,0.6731674145675073,0.12197108447493349
DWGL.JK,2024,2025-02-18,2025-02-18,1.1626003763171153,0.8009924000645994
EKAD.JK,2023,2024-03-28,2024-03-28,0.11193039611850582,-0.008200362932618086
EKAD.JK,2024,2025-03-27,2025-03-27,0.17537896041348255,-0.0158245291997316
ELIT.JK,2024,2025-03-04,2025-03-04,0.8872622362785603,-0.16248750090265562
ELPI.JK,2023,2024-03-29,2024-04-01,0.44306312095070866,-0.12398072561821641
ELPI.JK,2024,2025-03-06,2025-03-06,0.21157068849675856,0.08853101619641741
ELSA.JK,2023,2024-02-29,2024-02-29,0.28424757233439535,-0.03883836614844259
ELSA.JK,2024,2025-03-21,2025-03-21,0.23025082043525802,-0.01607958518211583
ENAK.JK,2023,2024-05-16,2024-05-16,0.34449147496747057,-0.007278448057680154
ENAK.JK,2024,2025-04-02,2025-04-08,0.9258818480039502,0.029315822870553537
ENRG.JK,2023,2024-03-31,2024-04-01,0.4321761706474972,0.05138623586775056
ENRG.JK,2024,2025-03-25,2025-03-25,0.48085724546473085,0.0541011246657266
ENVY.JK,2023,2024-04-03,2024-04-03,0.0,0.0
ENVY.JK,2024,2025-03-29,2025-04-08,0.0,0.0
ENZO.JK,2023,2024-03-28,2024-03-28,0.27470431350604996,-0.7969904077049241
ENZO.JK,2024,2025-03-26,2025-03-26,0.6709267963171053,-0.22675389510398453
ERTX.JK,2023,2024-04-01,2024-04-01,0.5519749405976626,0.05671385362969927
ERTX.JK,2024,2025-03-28,2025-04-08,0.4155205491260122,0.0018382336974038238
ESIP.JK,2023,2024-03-29,2024-04-01,0.0,-0.8751344700020055
ESIP.JK,2024,2025-03-28,2025-04-08,0.5216277774163972,-0.029031877297643824
ESTA.JK,2023,2024-05-29,2024-05-29,0.5420539242887039,0.14746045236689617
ESTA.JK,2024,2025-04-04,2025-04-08,0.5298736238649655,-0.06755394000663455
ESTI.JK,2023,2024-03-27,2024-03-27,0.21842893561147594,-0.6250016622785763
ESTI.JK,2024,2025-03-26,2025-03-26,0.48408411521601835,-0.03691733909012362
EXCL.JK,2023,2024-02-29,2024-02-29,0.3938012622394555,0.0879471576435017
EXCL.JK,2024,2025-02-05,2025-02-05,0.16704245018373476,-0.019994270802209845
FAPA.JK,2023,2024-04-05,2024-04-05,0.06372672512252814,-8.698535546667822e-05
FAPA.JK,2024,2025-04-08,2025-04-08,0.11161986753696806,-7.13316925724742e-05
FIMP.JK,2023,2024-04-01,2024-04-01,0.6769653898432385,-0.22399956253968872
FIMP.JK,2024,2025-04-07,2025-04-08,0.6102896835690271,-0.17475187358581404
FISH.JK,2023,2024-03-31,2024-04-01,0.024159182387109724,-0.0022349951728589425
FISH.JK,2024,2025-03-27,2025-03-27,0.0505395438830883,0.007385830015655729
FOOD.JK,2023,2024-04-03,2024-04-03,0.9357693977281897,0.027159504802454826
FOOD.JK,2024,2025-03-27,2025-03-27,0.16933786928586125,-0.021307393754880163
FUJI.JK,2023,2024-02-26,2024-02-26,0.5197166394493147,-0.03317951684361112
FUJI.JK,2024,2025-01-31,2025-01-31,0.8666390125745833,-0.09460458437288391
FWCT.JK,2023,2024-03-29,2024-04-01,0.5508732978767453,0.5772749306350043
FWCT.JK,2024,2025-03-11,2025-03-11,0.5823792707662243,0.31462600295941334
GDST.JK,2023,2024-03-31,2024-04-01,0.3934582922586967,-0.21015267728753806
GDST.JK,2024,2025-04-09,2025-04-09,0.47185998326428824,0.01678731339033266
GDYR.JK,2023,2024-03-30,2024-04-01,0.37044442302553054,-0.08538415362591847
GDYR.JK,2024,2025-03-28,2025-04-08,0.5386637834197234,-0.026509211869084948
GEMS.JK,2023,2024-03-30,2024-04-01,0.11609245904449661,0.026739221913425697
GEMS.JK,2024,2025-03-04,2025-03-04,0.44830635770947724,-0.0714197547972449
GHON.JK,2023,2024-03-28,2024-03-28,0.2575764041786175,0.007123157439931517
GHON.JK,2024,2025-03-27,2025-03-27,0.2694341228705277,0.0739754514402566
GMFI.JK,2023,2024-04-02,2024-04-02,0.1874097386767227,-0.17149249420119292
GMFI.JK,2024,2025-03-27,2025-03-27,0.4145627411327212,0.1611929628026813
GTBO.JK,2023,2024-04-16,2024-04-16,0.940639465322836,-0.1996640170578445
GTBO.JK,2024,2025-04-02,2025-04-08,0.4128856429084736,0.023545596631803684
GTRA.JK,2023,2024-03-26,2024-03-26,1.0940977652760306,-0.046398351242662936
GTRA.JK,2024,2025-03-23,2025-03-24,0.36846244294793956,-0.17030997296080636
GTSI.JK,2023,2024-03-30,2024-04-01,0.1498584679341948,0.0019317565710029975
GTSI.JK,2024,2025-03-25,2025-03-25,0.530225370343057,-0.024221299536876805
GULA.JK,2023,2024-03-29,2024-04-01,0.755731156681387,0.01079065155782278
GULA.JK,2024,2025-03-26,2025-03-26,0.8631423489100144,-0.04416474484086803
GUNA.JK,2024,2025-03-30,2025-04-08,0.2581014400489132,-0.05587027441339906
GZCO.JK,2023,2024-03-30,2024-04-01,0.8675273885109434,-0.23417349963638864
GZCO.JK,2024,2025-04-08,2025-04-08,0.5455313777905976,-0.019019115378227765
HADE.JK,2023,2024-03-28,2024-03-28,2.758064556872293,-0.04092592592592595
HADE.JK,2024,2025-03-25,2025-03-25,1.5647891087990726,-0.33732142857142866
HAIS.JK,2023,2024-03-18,2024-03-18,0.40272816194663014,0.10893482551379867
HAIS.JK,2024,2025-02-24,2025-02-24,0.24749199558649357,-0.02122473384111673
HDFA.JK,2023,2024-04-30,2024-04-30,0.7416042440035405,0.042261985561103416
HDFA.JK,2024,2025-03-27,2025-03-27,0.3949038800447093,-0.04274426065093945
HEAL.JK,2023,2024-03-28,2024-03-28,0.2697424570759856,-0.01877797783377477
HEAL.JK,2024,2025-03-21,2025-03-21,0.37534302547236026,-0.24461605966847574
HILL.JK,2023,2024-04-02,2024-04-02,0.401490509299887,-0.24055126459367837
HILL.JK,2024,2025-04-08,2025-04-08,0.340112989125649,0.1208623801639902
HITS.JK,2023,2024-04-03,2024-04-03,0.5824047247513191,-0.01618016439306387
HITS.JK,2024,2025-06-21,2025-06-23,0.9526949532529075,0.11176238858114207
HOMI.JK,2023,2024-03-28,2024-03-28,0.46075933023510574,0.014807497493555255
HOMI.JK,2024,2025-04-11,2025-04-11,0.612223084074434,-0.2118474247757679
HOPE.JK,2023,2024-04-07,2024-04-16,0.5878293790798476,-0.08149557280477601
HOPE.JK,2024,2025-04-09,2025-04-09,0.8705904995678652,0.2040205621506832
HRTA.JK,2023,2024-03-25,2024-03-25,0.3255273038734251,0.07625494552261503
HRTA.JK,2024,2025-03-27,2025-03-27,0.6737884026755074,0.14280102784123508
HRUM.JK,2023,2024-05-17,2024-05-17,0.46805797799884763,-0.015912499947203826
HRUM.JK,2024,2025-04-08,2025-04-08,0.37580976215413603,0.05836902789762093
HUMI.JK,2023,2024-04-06,2024-04-16,1.4128749919763217,-0.10106424556037802
HUMI.JK,2024,2025-04-04,2025-04-08,0.3292673209123518,0.019883730622681534
IBST.JK,2023,2024-04-25,2024-04-25,0.26882029960364623,0.03939062803082023
IBST.JK,2024,2025-03-26,2025-03-26,0.3299514882335163,0.001579520843983836
IFII.JK,2023,2024-03-18,2024-03-18,0.4374466256614944,0.07127841413109294
IFII.JK,2024,2025-03-14,2025-03-14,0.44428341024399365,-0.007545793063791606
IFSH.JK,2023,2024-02-28,2024-02-28,0.4239876952014164,-0.07686488741486841
IFSH.JK,2024,2025-02-24,2025-02-24,0.8257674249074994,0.009557314508985481
IIKP.JK,2023,2024-04-26,2024-04-26,0.0,0.0
IIKP.JK,2024,2025-04-22,2025-04-22,0.0,0.0
IKPM.JK,2023,2024-05-17,2024-05-17,0.7893984056942288,-0.10275900046985556
IKPM.JK,2024,2025-04-14,2025-04-14,0.2561937380463138,0.05608789142225201
IMPC.JK,2023,2024-03-28,2024-03-28,0.2356219367570348,-0.01633786566789991
IMPC.JK,2024,2025-03-28,2025-04-08,0.33086989197879396,-0.07237845184235722
INCF.JK,2023,2024-04-02,2024-04-02,0.0,-0.9751345058398327
INCF.JK,2024,2025-04-11,2025-04-11,0.5615822489735346,-0.037135340363792124
INCO.JK,2023,2024-06-03,2024-06-03,0.47414235374028646,-0.15522151928472783
INCO.JK,2024,2025-04-09,2025-04-09,0.4980698883108428,0.18076580926462343
INDR.JK,2023,2024-03-01,2024-03-01,0.39662435818014374,-0.10495795922048431
INDR.JK,2024,2025-02-28,2025-02-28,0.36558316621877085,-0.08623605239197431
INOV.JK,2023,2024-03-29,2024-04-01,0.4400890532364711,0.07608412469727055
INOV.JK,2024,2025-03-28,2025-04-08,0.34701456466511144,-0.007032156986399526
INPS.JK,2023,2024-04-08,2024-04-16,0.4086224331003004,0.03332020773583185
INPS.JK,2024,2025-04-08,2025-04-08,0.8245902072581985,0.007947227551429348
IPCC.JK,2023,2024-03-27,2024-03-27,0.1462798471717455,0.006720007878440584
IPCC.JK,2024,2025-03-26,2025-03-26,0.22906832136958696,0.04091084522505084
IPCM.JK,2023,2024-03-28,2024-03-28,0.09406447525510185,-0.007979603995268305
IPCM.JK,2024,2025-03-25,2025-03-25,0.11637933759863583,-0.0010520320882718565
IPPE.JK,2023,2024-04-19,2024-04-19,0.5116606120586696,-0.7533661173518857
IPTV.JK,2023,2024-04-01,2024-04-01,0.18152938531684953,0.0017097144005517604
IPTV.JK,2024,2025-03-18,2025-03-18,0.5180204369375789,-0.050922134228910114
ISAP.JK,2023,2024-03-15,2024-03-15,1.055231079788076,-0.0717989417989417
ISAP.JK,2024,2025-03-25,2025-03-25,1.150745189469114,-0.11463729172062488
ISAT.JK,2023,2024-02-23,2024-02-23,0.2667861514293882,0.1502242541330686
ISAT.JK,2024,2025-02-10,2025-02-10,0.4351685745911303,-0.24133654783953967
ISEA.JK,2024,2025-04-07,2025-04-08,0.3296362586325745,9.789729704026001e-06
JARR.JK,2023,2024-03-26,2024-03-26,0.9510434796403722,-0.40870917864606976
JARR.JK,2024,2025-03-24,2025-03-24,0.7771077489019714,-0.1972733855008994
JAWA.JK,2023,2024-06-14,2024-06-14,1.0117564819289206,0.07967391601588321
JAWA.JK,2024,2025-03-30,2025-04-08,0.9659436222958063,-0.02609933744421375
JSMR.JK,2023,2024-03-04,2024-03-04,0.3175212004600681,0.026343820480094156
JSMR.JK,2024,2025-03-03,2025-03-03,0.27232495966968623,-0.05145035877322869
JTPE.JK,2023,2024-03-28,2024-03-28,0.4438045756215557,-0.04840198516038263
JTPE.JK,2024,2025-03-28,2025-04-08,0.21508794627832917,-0.00853928908536025
KAEF.JK,2023,2025-07-08,2025-07-08,0.7780524422793933,-0.2848282108749923
KAEF.JK,2024,2025-07-17,2025-07-17,0.7744522558391381,-0.2637013875261954
KARW.JK,2023,2024-04-02,2024-04-02,0.7104045569909065,-0.2354501378315455
KARW.JK,2024,2025-04-19,2025-04-21,1.1849771309512391,0.5654533886701998
KBLM.JK,2023,2024-03-28,2024-03-28,0.2323307273744589,0.023135240013269096
KBLM.JK,2024,2025-03-27,2025-03-27,0.3652556181964521,0.05598145912112197
KEEN.JK,2023,2024-03-26,2024-03-26,0.3269779047820051,-0.08119429268858368
KEEN.JK,2024,2025-03-21,2025-03-21,0.3022687642342426,0.05104008908801494
KIAS.JK,2023,2024-04-01,2024-04-01,0.6122938772638767,-0.13499847374847365
KIAS.JK,2024,2025-03-28,2025-04-08,0.578702879625386,-0.024756587167454512
KICI.JK,2023,2024-03-27,2024-03-27,1.2407892043472313,0.16482565761307647
KICI.JK,2024,2025-03-21,2025-03-21,0.4130982135842028,0.07290025882601177
KING.JK,2023,2024-03-29,2024-04-01,0.5783380560835699,-0.019512352865137254
KING.JK,2024,2025-03-27,2025-03-27,0.4017162933076386,-0.03433031652767628
KINO.JK,2023,2024-03-30,2024-04-01,0.36471749979134654,0.05253647917450252
KINO.JK,2024,2025-03-30,2025-04-08,0.24060337053022582,-0.08136520643125701
KKGI.JK,2023,2024-03-26,2024-03-26,0.19596834867884025,-0.028357841932415723
KKGI.JK,2024,2025-03-21,2025-03-21,0.3603144563186539,-0.04283636764826608
KLAS.JK,2023,2024-03-27,2024-03-27,0.5635079959871864,-0.0845439180108716
KLAS.JK,2024,2025-04-01,2025-04-08,0.6922661048149785,-0.06681326180546758
KLIN.JK,2023,2024-04-01,2024-04-01,0.5018278996225802,-0.02730131960849877
KLIN.JK,2024,2025-04-02,2025-04-08,1.036567103091584,0.03338049847031531
KMTR.JK,2023,2024-03-08,2024-03-08,0.33583594718572696,0.0601346834772709
KMTR.JK,2024,2025-03-11,2025-03-11,0.5427070769359926,-0.028587087820739092
KREN.JK,2023,2024-04-14,2024-04-16,0.30331772031294896,-0.8062288629899049
KREN.JK,2024,2025-04-30,2025-04-30,1.497126043199953,-0.17441358024691345
KRYA.JK,2023,2024-03-28,2024-03-28,0.6946314390960876,-0.001099223518738482
KRYA.JK,2024,2025-03-25,2025-03-25,0.32519184175050525,0.10383130311071367
KSIX.JK,2024,2025-03-26,2025-03-26,1.0539763863398472,0.20397238356999337
KUAS.JK,2023,2024-03-18,2024-03-18,0.20752608950560947,0.02003826917932057
KUAS.JK,2024,2025-03-10,2025-03-10,0.27815698957065604,0.0027251119984715837
LAJU.JK,2023,2024-03-27,2024-03-27,0.4405782223012222,-0.010003937176033866
LAJU.JK,2024,2025-03-25,2025-03-25,0.0,0.0
LEAD.JK,2023,2024-06-01,2024-06-03,0.5193758695974648,-0.021998810929995283
LEAD.JK,2024,2025-03-31,2025-04-08,0.610326895626993,0.15941628292104398
LINK.JK,2023,2024-02-22,2024-02-22,0.26876200090807506,0.049105742004727435
LINK.JK,2024,2025-02-10,2025-02-10,0.8891972605926775,-0.11030455936107189
LIVE.JK,2023,2024-04-16,2024-04-16,0.6801475340100992,0.08678116334448183
LIVE.JK,2024,2025-04-09,2025-04-09,1.1070715363866217,-0.020736369277734177
LMAX.JK,2023,2024-03-26,2024-03-26,0.6542851233606184,-0.2821757833172799
LMAX.JK,2024,2025-03-25,2025-03-25,0.7810208640467755,-0.07932705544964774
LOPI.JK,2023,2024-03-27,2024-03-27,0.6074921652842556,-0.06140006625858077
LOPI.JK,2024,2025-04-08,2025-04-08,1.1612137102059914,-0.3332358976179334
LSIP.JK,2023,2024-02-29,2024-02-29,0.15379809729884183,0.06091345895498374
LSIP.JK,2024,2025-02-28,2025-02-28,0.4003089526676489,0.1391409741575567
LUCK.JK,2023,2024-04-18,2024-04-18,0.27497380262099486,-0.057291232064279246
LUCK.JK,2024,2025-04-09,2025-04-09,0.4803339608723566,0.01423417302819039
MAHA.JK,2023,2024-03-13,2024-03-13,0.36940581313458165,0.1437348028553813
MAHA.JK,2024,2025-03-19,2025-03-19,0.233530887731275,0.012189683155329728
MAIN.JK,2023,2024-04-08,2024-04-16,0.28316724944112515,0.0008696437155297741
MAIN.JK,2024,2025-03-28,2025-04-08,0.3775751101364598,0.0062999214301194375
MANG.JK,2023,2024-05-22,2024-05-22,1.0448924538551354,0.06827840925391508
MANG.JK,2024,2025-04-08,2025-04-08,1.022253861386748,0.05220265511590958
MARK.JK,2023,2024-03-04,2024-03-04,0.4880361425748301,0.07712279298419102
MARK.JK,2024,2025-03-24,2025-03-24,0.3658764785840961,-0.08055278714496696
MBMA.JK,2023,2024-03-27,2024-03-27,0.592326417602763,0.15845932544075442
MBMA.JK,2024,2025-04-07,2025-04-08,0.5157139468256918,0.03041984226804929
MBTO.JK,2023,2024-04-13,2024-04-16,0.7049149867298679,0.0068816996260275265
MBTO.JK,2024,2025-03-28,2025-04-08,0.29973168319066135,-0.08832119792886989
MCAS.JK,2023,2024-04-01,2024-04-01,0.8927025418442188,-0.22327594840740175
MCAS.JK,2024,2025-04-08,2025-04-08,0.5793751929147402,-0.10251404576489168
MFMI.JK,2023,2024-03-25,2024-03-25,0.2888020011334315,0.006456124138010628
MFMI.JK,2024,2025-03-28,2025-04-08,0.22527850968914007,-0.0005907086358420138
MGRO.JK,2023,2024-03-29,2024-04-01,0.4720089629664178,0.24076507478501089
MGRO.JK,2024,2025-04-08,2025-04-08,0.2118373090065349,-0.006001051461034216
MHKI.JK,2023,2024-07-09,2024-07-09,2.2794447388070638,-0.23745590815503842
MHKI.JK,2024,2025-03-30,2025-04-08,0.45469958441182046,0.016227662899061843
MICE.JK,2023,2024-03-28,2024-03-28,0.31159761753112974,0.0017017473287109196
MICE.JK,2024,2025-03-26,2025-03-26,0.2883022379649626,-0.09135121805533208
MIKA.JK,2023,2024-03-30,2024-04-01,0.29624942990179254,0.019476780826867858
MIKA.JK,2024,2025-03-24,2025-03-24,0.3374199348443895,-0.10447001642984166
MINE.JK,2024,2025-04-11,2025-04-11,2.244863347679494,-0.44535869758249247
MIRA.JK,2023,2024-04-01,2024-04-01,1.237703123714283,-0.1001763668430333
MIRA.JK,2024,2025-03-28,2025-04-08,1.1814307955147083,-0.011040564373897485
MITI.JK,2023,2024-03-26,2024-03-26,0.8183937851958321,-0.14825722618937137
MITI.JK,2024,2025-03-19,2025-03-19,0.6454033901994733,-0.038304038670289614
MKPI.JK,2023,2024-03-28,2024-03-28,0.2349230825885669,0.011488601046957512
MKPI.JK,2024,2025-03-26,2025-03-26,0.3784321299114385,-0.005600275099814745
MKTR.JK,2023,2024-03-29,2024-04-01,0.5748663852583414,-0.015101616677140614
MKTR.JK,2024,2025-03-27,2025-03-27,0.16217334623122126,-0.0019768818527705345
MLIA.JK,2023,2024-03-27,2024-03-27,0.21551431784778735,-0.009890381222073925
MLIA.JK,2024,2025-03-25,2025-03-25,0.14558729531893502,-0.0403175535025858
MMLP.JK,2023,2024-04-03,2024-04-03,0.38013321696737584,-0.08917871537507455
MMLP.JK,2024,2025-03-27,2025-03-27,0.3788644529340651,-0.070476605851023
MNCN.JK,2023,2024-04-01,2024-04-01,0.3839219315998294,-0.0454134234014451
MNCN.JK,2024,2025-03-18,2025-03-18,0.33629273444988783,-0.03077145193769371
MOLI.JK,2023,2024-03-27,2024-03-27,0.6647662903030322,-0.05668940610369524
MOLI.JK,2024,2025-03-25,2025-03-25,0.31784420375264544,0.004573511426579309
MORA.JK,2023,2024-03-18,2024-03-18,0.15838937461568026,-0.023546809676450637
MORA.JK,2024,2025-03-26,2025-03-26,0.7739708087292805,0.02151603682812483
MPOW.JK,2023,2024-04-06,2024-04-16,0.6738981952667077,0.018052874125660916
MPOW.JK,2024,2025-03-25,2025-03-25,1.019534232642308,-0.1676700001635854
MPXL.JK,2023,2024-04-02,2024-04-02,0.996931740706491,-0.03135953143673837
MPXL.JK,2024,2025-04-07,2025-04-08,0.8100964328801964,-0.0586135934209408
MSIE.JK,2023,2024-04-16,2024-04-16,0.7933269491435307,-0.0366507775232046
MSIE.JK,2024,2025-03-29,2025-04-08,0.8685658241766021,-0.11576549678200868
MSIN.JK,2023,2024-04-01,2024-04-01,0.06031982847631496,0.004469716146685584
MSIN.JK,2024,2025-03-18,2025-03-18,0.7901934934894016,0.0192591742314141
MSJA.JK,2023,2024-03-27,2024-03-27,0.8371039673446534,-0.022848367157698456
MSJA.JK,2024,2025-03-26,2025-03-26,0.5093304807577747,-0.0035857969481508586
MSKY.JK,2023,2024-04-01,2024-04-01,1.202843856740429,-0.11301519135528755
MSKY.JK,2024,2025-03-18,2025-03-18,0.76759885710188,-0.04156733039004179
MTEL.JK,2023,2024-03-06,2024-03-06,0.28444552280282015,-0.064553292835813
MTEL.JK,2024,2025-03-27,2025-03-27,0.3068557300540214,-0.03838673052587213
MTMH.JK,2023,2024-03-22,2024-03-22,0.229631363170538,-0.010388560366224216
MTMH.JK,2024,2025-04-03,2025-04-08,0.3766457277827152,-0.041997452487501
MYOH.JK,2023,2024-05-06,2024-05-06,0.221953772162114,-0.11050823156391765
MYOH.JK,2024,2025-03-29,2025-04-08,0.4494501031905834,-0.19732038956264852
NANO.JK,2023,2024-05-22,2024-05-22,0.6108871187398243,0.028107582514187258
NANO.JK,2024,2025-04-28,2025-04-28,0.9594806752074838,-0.12263103937080963
NASI.JK,2023,2024-04-01,2024-04-01,0.5035507092135283,-0.11262667643086322
NASI.JK,2024,2025-03-30,2025-04-08,0.46274395226421255,0.09992562985697746
NATO.JK,2023,2024-05-28,2024-05-28,0.25654273585901294,-0.009928745924496562
NATO.JK,2024,2025-03-27,2025-03-27,0.39068051396877146,0.029317941724727056
NAYZ.JK,2023,2024-04-02,2024-04-02,0.7243847225589204,-0.04135405284311992
NAYZ.JK,2024,2025-03-28,2025-04-08,1.0647184410466357,-0.18433904588284822
NCKL.JK,2023,2024-04-01,2024-04-01,0.4254582684246216,0.028003027183209364
NCKL.JK,2024,2025-03-25,2025-03-25,0.404628895354986,-0.12439056711889801
NELY.JK,2023,2024-03-27,2024-03-27,0.26588143602259906,-0.034094709478233766
NELY.JK,2024,2025-03-27,2025-03-27,0.23413117344357431,0.010110545149489863
NEST.JK,2024,2025-03-29,2025-04-08,0.6118370683583644,0.004498741562630214
NFCX.JK,2023,2024-04-01,2024-04-01,0.8200754466888988,-0.2702817837385095
NFCX.JK,2024,2025-04-08,2025-04-08,0.6100745259932053,0.004081757101074619
NICE.JK,2023,2024-03-29,2024-04-01,1.5968700482331732,-0.6136309406802516
NICE.JK,2024,2025-03-27,2025-03-27,0.4728873227755016,0.038578678347355906
NICL.JK,2023,2024-03-27,2024-03-27,0.640931476031545,-0.017991627860573404
NICL.JK,2024,2025-03-25,2025-03-25,0.42654310299484394,0.09387895586245058
NIRO.JK,2023,2024-06-01,2024-06-03,0.029336792891180304,-1.8574805808835303e-05
NIRO.JK,2024,2025-04-06,2025-04-08,0.1219339135243739,0.009140307859318835
NPGF.JK,2023,2024-04-28,2024-04-29,0.0,0.0
NPGF.JK,2024,2025-04-09,2025-04-09,0.4419854268988859,-0.07507900574981165
NSSS.JK,2023,2024-03-27,2024-03-27,0.3431024826944011,0.10921682984611956
NSSS.JK,2024,2025-03-25,2025-03-25,0.35846374125688923,-0.09668291932681976
NTBK.JK,2023,2024-03-24,2024-03-25,0.6587127947990697,0.024454038391241013
NTBK.JK,2024,2025-03-28,2025-04-08,0.0,0.0
OILS.JK,2023,2024-03-30,2024-04-01,0.4421809363127782,-0.09243686139024129
OILS.JK,2024,2025-03-29,2025-04-08,0.3543123875031933,0.020540399507901305
OMED.JK,2023,2024-03-28,2024-03-28,0.28014061115819716,0.0073037796773940036
OMED.JK,2024,2025-03-28,2025-04-08,0.20978197323292064,-0.00439365193221988
PACK.JK,2023,2024-05-16,2024-05-16,0.5925631494108138,-0.061543320039837174
PACK.JK,2024,2025-03-28,2025-04-08,1.0492578455570687,-0.4639976280723103
PART.JK,2024,2025-03-18,2025-03-18,0.9542367904505206,-0.07983895930906387
PCAR.JK,2023,2024-04-17,2024-04-17,0.36479392411026995,0.043288397406341106
PCAR.JK,2024,2025-04-25,2025-04-25,0.0,0.0
PDES.JK,2023,2024-03-26,2024-03-26,0.3445344376101523,-0.00032382736026306987
PDES.JK,2024,2025-03-17,2025-03-17,0.13904864273575226,0.07226630818754096
PEHA.JK,2023,2024-04-06,2024-04-16,0.8896865347476856,-0.05588415874423583
PEHA.JK,2024,2025-05-17,2025-05-19,0.36980424164657744,0.04233497635148975
PGAS.JK,2023,2024-03-13,2024-03-13,0.23468824531480065,0.17751364441588913
PGAS.JK,2024,2025-03-26,2025-03-26,0.33518030080135247,0.05245692893419544
PGEO.JK,2023,2024-03-01,2024-03-01,0.5649228873171246,-0.0033573222188538667
PGEO.JK,2024,2025-03-25,2025-03-25,0.43237690020613223,0.10382904225941979
PGUN.JK,2023,2024-03-25,2024-03-25,0.37762705907242344,-0.021884789298838414
PGUN.JK,2024,2025-03-24,2025-03-24,0.8983372147225509,-0.048555455739051664
PIPA.JK,2023,2024-04-01,2024-04-01,0.0,0.0
PIPA.JK,2024,2025-04-21,2025-04-21,1.0960572642691426,0.7838232626029321
PJAA.JK,2023,2024-02-21,2024-02-21,0.3733056754141256,-0.03306085117914902
PJAA.JK,2024,2025-01-28,2025-01-30,0.1724247250730968,-0.00020614622473917252
PKPK.JK,2023,2024-02-28,2024-02-28,0.20627165608014184,-0.014056539770086782
PKPK.JK,2024,2025-03-25,2025-03-25,0.2963546466164198,-0.03112494844719041
PLAN.JK,2023,2024-04-02,2024-04-02,0.4164503079187456,-0.15889943021977007
PLAN.JK,2024,2025-03-27,2025-03-27,0.8982667102898422,-0.10745233591379119
PNGO.JK,2023,2024-03-30,2024-04-01,0.24252684494655016,0.09241934561624435
PNGO.JK,2024,2025-03-28,2025-04-08,0.5426512603434672,0.07719526535719634
POLA.JK,2023,2024-04-29,2024-04-29,0.4719206011147252,-0.4846110389464009
POLA.JK,2024,2025-03-28,2025-04-08,0.8680661040721699,-0.14790801790801777
POLY.JK,2023,2024-08-21,2024-08-21,0.8935078246486033,0.08947936210994449
POLY.JK,2024,2025-04-08,2025-04-08,0.5983347092107061,0.0491800799914834
PORT.JK,2023,2024-03-29,2024-04-01,0.7205488560398486,-0.03481558703068573
PORT.JK,2024,2025-03-29,2025-04-08,0.5191256590821126,0.01693294896826647
POSA.JK,2023,2024-04-03,2024-04-03,0.0,0.0
POSA.JK,2024,2025-04-08,2025-04-08,0.0,0.0
PRAY.JK,2023,2024-03-28,2024-03-28,0.19472393523749779,-0.01261054187322442
PRAY.JK,2024,2025-03-28,2025-04-08,0.20166113361972754,-0.03346237625184778
PRDA.JK,2023,2024-03-08,2024-03-08,0.2190844112583642,-0.059652013490894835
PRDA.JK,2024,2025-03-14,2025-03-14,0.2121047175554353,0.038559732562587275
PSGO.JK,2023,2024-04-16,2024-04-16,0.3608166183960665,-0.027187980519530613
PSGO.JK,2024,2025-04-08,2025-04-08,0.43008624456888045,0.005020859992885314
PSSI.JK,2023,2024-03-26,2024-03-26,0.15612120063765336,-0.004284628068907836
PSSI.JK,2024,2025-03-25,2025-03-25,0.16639674958890546,-0.09086660400528142
PTBA.JK,2023,2024-03-04,2024-03-04,0.22545919041427956,0.06796924124705736
PTBA.JK,2024,2025-03-30,2025-04-08,0.23247603027277156,0.16385717457970703
PTIS.JK,2023,2024-03-30,2024-04-01,0.5369126753730145,-0.06323054026714943
PTIS.JK,2024,2025-03-29,2025-04-08,1.0098794381728564,0.27738196334860205
PTMP.JK,2023,2024-03-09,2024-03-13,0.9954233038321696,-0.3711964248396329
PTMP.JK,2024,2025-03-29,2025-04-08,0.5249348841343797,0.043736073218470554
PTMR.JK,2024,2025-09-22,2025-09-22,0.8656667641032401,-0.1382040925703649
PTPP.JK,2023,2024-04-09,2024-04-16,0.630931091698269,-0.08081485538119482
PTPP.JK,2024,2025-03-06,2025-03-06,0.3835179070575584,-0.010245198679961777
PTPS.JK,2023,2024-03-28,2024-03-28,1.4942438492015846,-0.15658373039304546
PTPS.JK,2024,2025-04-08,2025-04-08,0.35151360466018367,0.02282641268008795
PTSN.JK,2023,2024-03-27,2024-03-27,0.26860416369235496,-0.08900419382865268
PTSN.JK,2024,2025-03-28,2025-04-08,0.6743739049308815,-0.021134413800453132
PURA.JK,2023,2024-04-01,2024-04-01,0.0,-0.8751345058398328
PURA.JK,2024,2025-04-08,2025-04-08,0.9184673694934993,0.11966371591371601
PURE.JK,2023,2024-12-02,2024-12-02,0.0,0.0
RAFI.JK,2023,2024-04-04,2024-04-04,0.16893156893231787,-0.0006157193119966504
RAFI.JK,2024,2025-08-08,2025-08-08,0.4546989992518037,0.06709873702660027
RAJA.JK,2023,2024-03-26,2024-03-26,0.8697443367088401,-0.023743412960353552
RAJA.JK,2024,2025-03-07,2025-03-07,0.9242633541095067,-0.4326231276796045
RDTX.JK,2023,2024-04-02,2024-04-02,0.28679145800022143,-0.03314555647956298
RDTX.JK,2024,2025-03-27,2025-03-27,0.42244716061023474,0.013343439794439929
RGAS.JK,2023,2024-04-01,2024-04-01,0.7757176448589175,-0.067365930205654
RGAS.JK,2024,2025-03-26,2025-03-26,0.4924557155163098,-0.18021757979230857
RICY.JK,2023,2024-04-23,2024-04-23,0.3382086896107374,-0.10528122380176501
RICY.JK,2024,2025-06-30,2025-06-30,0.5766788823798479,0.04001281404638364
RIGS.JK,2023,2024-08-29,2024-08-29,0.21401270020160879,0.17100045508640804
RIGS.JK,2024,2025-09-09,2025-09-09,0.5131089746087912,0.06498888819361029
RMKE.JK,2023,2024-05-15,2024-05-15,0.32630842621634426,0.05272693882357352
RMKE.JK,2024,2025-06-10,2025-06-10,0.25309785152164216,-0.01580001601867402
RMKO.JK,2023,2024-05-15,2024-05-15,0.30291777202966597,0.04443081405179637
RMKO.JK,2024,2025-03-26,2025-03-26,0.4574779073163214,0.023573866522707557
ROCK.JK,2023,2024-04-16,2024-04-16,0.18452228654315153,-0.002113617376775263
ROCK.JK,2024,2025-03-27,2025-03-27,0.5552238561993063,-0.04158369744997833
ROTI.JK,2023,2024-03-01,2024-03-01,0.24484100552968288,-0.04861635865900057
ROTI.JK,2024,2025-03-07,2025-03-07,0.07821790019266345,0.0005826191700836689
RSCH.JK,2023,2024-03-26,2024-03-26,0.8239165438239088,0.01390350389622204
RSCH.JK,2024,2025-03-27,2025-03-27,0.5875110368735451,0.40155009931973984
RSGK.JK,2023,2024-03-27,2024-03-27,0.23922261911596737,-0.04621441306600648
RSGK.JK,2024,2025-03-17,2025-03-17,0.5249408652211022,0.022630824980693583
SAME.JK,2023,2024-03-28,2024-03-28,0.40994114428689704,-0.09274057069732403
SAME.JK,2024,2025-03-17,2025-03-17,0.575546251314085,-0.09094211651502296
SAMF.JK,2023,2024-03-28,2024-03-28,0.31392097618466686,-0.03078612310078866
SAMF.JK,2024,2025-03-27,2025-03-27,0.7123704722352212,-0.07353623977146392
SAPX.JK,2023,2024-04-05,2024-04-05,1.1267578104534064,-0.0814920039083338
SAPX.JK,2024,2025-03-25,2025-03-25,1.564225581302682,-0.0376704701823532
SBMA.JK,2023,2024-03-28,2024-03-28,0.27699316647212435,-0.049025800774068665
SBMA.JK,2024,2025-03-28,2025-04-08,0.3479851796914981,0.049035560512972365
SCCO.JK,2023,2024-03-28,2024-03-28,1.3252765615583357,0.16591464971891545
SCCO.JK,2024,2025-03-28,2025-04-08,0.27836365652546313,-0.0008221758167624271
SDMU.JK,2023,2024-03-28,2024-03-28,0.0,-0.7842254149307418
SDMU.JK,2024,2025-03-27,2025-03-27,0.48449185873173295,-0.008511526762734525
SGER.JK,2023,2024-07-08,2024-07-08,0.6599631584806867,0.00732406753734309
SGER.JK,2024,2025-04-02,2025-04-08,0.3970566183132671,0.002024919553118371
SGRO.JK,2023,2024-03-27,2024-03-27,0.058623474692515574,0.009248814436244765
SGRO.JK,2024,2025-03-21,2025-03-21,0.14474350638999078,0.003373953720606667
SILO.JK,2023,2024-03-25,2024-03-25,0.5928205364474558,0.06888789870127052
SILO.JK,2024,2025-03-27,2025-03-27,0.2979139752314287,-0.12389920642871695
SINI.JK,2023,2024-04-29,2024-04-29,0.6810233552441307,0.013554901589379064
SINI.JK,2024,2025-03-27,2025-03-27,1.0372720492182819,0.005289838507281375
SIPD.JK,2023,2024-03-28,2024-03-28,0.7550909189134435,-0.1606102848946689
SIPD.JK,2024,2025-04-10,2025-04-10,0.354662404721181,0.05647293815906298
SKLT.JK,2023,2024-04-01,2024-04-01,0.7987185794680157,-0.051372425321441914
SKLT.JK,2024,2025-03-18,2025-03-18,1.1867912537728522,-0.06549356538373237
SLIS.JK,2023,2024-05-16,2024-05-16,0.8490838502582708,-0.030497623856749922
SLIS.JK,2024,2025-04-08,2025-04-08,0.12576571082263852,0.01349691908873067
SMAR.JK,2024,2025-02-28,2025-02-28,0.2654846436881058,-0.00024415162925689807
SMBR.JK,2023,2024-03-11,2024-03-13,0.30424720114032133,0.1795547323064042
SMBR.JK,2024,2025-03-27,2025-03-27,0.40099510064263716,0.12981669327992354
SMCB.JK,2023,2024-03-08,2024-03-08,0.4108052597433227,0.041864549409048865
SMCB.JK,2024,2025-03-27,2025-03-27,0.16189481087774577,-0.0070430686848370495
SMDM.JK,2023,2024-03-31,2024-04-01,0.1769268852886164,-0.007487152781528663
SMDM.JK,2024,2025-03-01,2025-03-03,0.8522100586788584,0.5953521615985203
SMDR.JK,2023,2024-03-28,2024-03-28,0.4149380650659276,-0.021943852771575803
SMDR.JK,2024,2025-03-26,2025-03-26,0.36971353193644013,0.05739657823066664
SMGR.JK,2023,2024-03-10,2024-03-13,0.24588050568470404,-0.06099244545935258
SMGR.JK,2024,2025-03-29,2025-04-08,0.4045202712775662,0.20097385308512844
SMIL.JK,2023,2024-05-08,2024-05-08,0.6124613556301748,0.23114695406690305
SMIL.JK,2024,2025-03-27,2025-03-27,1.4244922469799282,0.29801911340541193
SMMT.JK,2023,2024-03-06,2024-03-06,0.5086163048081254,0.036770955885312956
SMMT.JK,2024,2025-02-28,2025-02-28,0.27641641641843356,0.019803618458469743
SMRU.JK,2023,2024-04-16,2024-04-16,0.0,0.0
SMRU.JK,2024,2025-04-25,2025-04-25,0.0,0.0
SOCI.JK,2023,2024-03-24,2024-03-25,0.20769570781770522,0.02674584435137462
SOCI.JK,2024,2025-03-25,2025-03-25,0.5158595091463731,-0.15273712395447558
SOFA.JK,2023,2024-04-01,2024-04-01,0.39553565633056287,0.025929843672361737
SOFA.JK,2024,2025-04-08,2025-04-08,1.0203134514036376,-0.5489493381452815
SOTS.JK,2023,2024-07-15,2024-07-15,1.284797364057935,0.0475899314063968
SOTS.JK,2024,2025-03-28,2025-04-08,0.39039182607588035,-0.073223991012866
SOUL.JK,2023,2024-04-20,2024-04-22,0.7106979212043345,-0.006691436312151398
SOUL.JK,2024,2025-06-24,2025-06-24,0.8953408317573472,0.023629155459981246
SQMI.JK,2023,2024-07-04,2024-07-04,0.19556813695623762,0.01081707318352117
SRIL.JK,2023,2024-08-22,2024-08-22,0.0,0.0
SSIA.JK,2023,2024-03-27,2024-03-27,0.6386521649633965,0.01641690719327854
SSIA.JK,2024,2025-03-25,2025-03-25,0.554067911287233,-0.13559409326285038
SSMS.JK,2023,2024-04-17,2024-04-17,0.49247066902158754,-0.07647689788294176
SSMS.JK,2024,2025-03-12,2025-03-12,0.9940589586186468,-0.03489771123667507
SSTM.JK,2023,2024-10-24,2024-10-24,0.6986506417344936,0.0306279854664962
SSTM.JK,2024,2025-04-28,2025-04-28,1.4146147431484224,0.05205950876426586
STAA.JK,2023,2024-03-25,2024-03-25,0.19336256034152757,-0.004120101663001682
STAA.JK,2024,2025-03-18,2025-03-18,0.24018407392265295,-0.002648602944708596
SUNI.JK,2024,2025-03-27,2025-03-27,0.39134962601017415,0.0014348952185162939
SUPR.JK,2023,2024-03-28,2024-03-28,0.15958343847741874,-0.016552380952380954
SUPR.JK,2024,2025-03-25,2025-03-25,0.0,-0.0005698005698006048
SURE.JK,2023,2024-03-28,2024-03-28,0.2500295217292404,0.2310764597121934
SURE.JK,2024,2025-03-27,2025-03-27,0.806821316854695,-0.03265507493440839
SURI.JK,2023,2024-04-23,2024-04-23,1.5711720325892318,0.08013721908611127
SURI.JK,2024,2025-04-08,2025-04-08,0.7525030323915818,0.07876706652516179
SWAT.JK,2023,2024-05-31,2024-05-31,0.0,-0.5525404332457602
TALF.JK,2023,2024-03-28,2024-03-28,0.6974332831969116,-0.00039982763891741394
TALF.JK,2024,2025-03-26,2025-03-26,0.32221932186018265,0.047065191340255975
TAMA.JK,2023,2024-03-29,2024-04-01,0.5268914505588765,-0.23835623633999736
TAMA.JK,2024,2025-03-29,2025-04-08,0.8872512834150915,0.24143988833320662
TAMU.JK,2023,2024-04-17,2024-04-17,0.6194568707310592,0.008002645502645529
TAMU.JK,2024,2025-04-26,2025-04-28,0.8218693407066662,0.01918650058613927
TAPG.JK,2023,2024-03-08,2024-03-08,0.22316172058748068,0.09996676900419037
TAPG.JK,2024,2025-02-27,2025-02-27,0.3658423416874275,0.09830005476265317
TARA.JK,2023,2024-03-28,2024-03-28,0.9737311508830901,0.024695767195767167
TARA.JK,2024,2025-03-27,2025-03-27,0.8786209224268354,0.006137566137566189
TAXI.JK,2023,2024-05-09,2024-05-13,0.5544391830962714,-1.128368058071067
TAXI.JK,2024,2025-03-25,2025-03-25,1.5933784124267476,-0.3233195508195509
TAYS.JK,2023,2024-04-01,2024-04-01,0.503495005331313,-0.0739828066366318
TAYS.JK,2024,2025-04-24,2025-04-24,0.2054156598255201,0.02534226142554169
TBLA.JK,2023,2024-03-29,2024-04-01,0.1989219748335455,-0.0017434828863686894
TBLA.JK,2024,2025-03-27,2025-03-27,0.2319241564880759,0.13028428167662406
TBMS.JK,2023,2024-04-01,2024-04-01,0.7449333753825812,-0.006056922049247994
TBMS.JK,2024,2025-03-28,2025-04-08,0.2805564393380675,0.03800034249837519
TCID.JK,2023,2024-03-19,2024-03-19,0.5360916035162439,-8.034777307057341e-06
TCID.JK,2024,2025-03-20,2025-03-20,0.4067253412706936,-0.05091838134555295
TCPI.JK,2023,2024-03-27,2024-03-27,0.4130484625807014,0.04139814991711212
TCPI.JK,2024,2025-03-25,2025-03-25,0.3075856686051732,-0.1564601136522005
TFCO.JK,2023,2024-04-01,2024-04-01,0.03455690395898074,-0.002204931869856101
TGKA.JK,2023,2024-03-27,2024-03-27,0.2956453044924,-0.01116862068729478
TGKA.JK,2024,2025-03-25,2025-03-25,0.33295221868436287,-0.0037284210279361764
TIFA.JK,2023,2024-03-15,2024-03-15,0.22739484094229057,-0.039147109804035365
TIFA.JK,2024,2025-03-26,2025-03-26,0.35737633367633853,-0.04289585133975221
TIRA.JK,2023,2024-08-22,2024-08-22,0.934673651261009,0.09188473373970414
TIRA.JK,2024,2025-03-27,2025-03-27,1.0842091459819292,0.16015287761910446
TIRT.JK,2023,2024-03-28,2024-03-28,0.0,-0.7842254149307418
TIRT.JK,2024,2025-03-27,2025-03-27,0.9481562379498972,-0.0838648283100014
TKIM.JK,2023,2024-04-01,2024-04-01,0.33912937217005035,0.048271898408398184
TKIM.JK,2024,2025-03-27,2025-03-27,0.37089626803455,0.12960774844728745
TLDN.JK,2023,2024-03-31,2024-04-01,0.07157282176955443,-0.03484356265224156
TLDN.JK,2024,2025-03-21,2025-03-21,0.202520888225788,-0.018419906182444462
TLKM.JK,2023,2024-03-24,2024-03-25,0.18211890869094688,-0.1430060674789765
TLKM.JK,2024,2025-04-18,2025-04-21,0.4146261795677434,0.0930707313982117
TMAS.JK,2023,2024-03-05,2024-03-05,0.5053701946106782,-0.04170340285513967
TMAS.JK,2024,2025-02-27,2025-02-27,0.3230213826314432,0.02418170695009657
TMPO.JK,2023,2024-04-01,2024-04-01,0.43908005093606234,-0.07523751108981336
TMPO.JK,2024,2025-03-27,2025-03-27,1.0747453688556634,-0.08692405669800646
TOPS.JK,2023,2024-06-10,2024-06-10,1.6370623291058786,1.5928306878306882
TOWR.JK,2023,2024-04-02,2024-04-02,0.3229175557367107,-0.07965196426034012
TOWR.JK,2024,2025-03-25,2025-03-25,0.4118752840039646,0.048179437506469795
TPMA.JK,2023,2024-03-18,2024-03-18,0.3234194485778837,0.08663302091719102
TPMA.JK,2024,2025-03-25,2025-03-25,0.31963515289533756,0.09597593400835891
TRGU.JK,2023,2024-04-23,2024-04-23,0.287545318700071,-0.2033904808895405
TRGU.JK,2024,2025-03-27,2025-03-27,0.2079735421608737,-0.020959969898832975
TRJA.JK,2023,2024-05-06,2024-05-06,0.44622131794956693,0.07156379589867423
TRJA.JK,2024,2025-04-01,2025-04-08,0.32584606606179195,-0.08280448871030453
TRUS.JK,2023,2024-03-19,2024-03-19,0.6257704216791756,0.025954019300621578
TSPC.JK,2023,2024-03-28,2024-03-28,0.24368043334306386,-0.044967137134678765
TSPC.JK,2024,2025-03-25,2025-03-25,0.15148565327008512,0.018343645366294115
TYRE.JK,2023,2024-03-31,2024-04-01,0.20485917759180364,-0.004070512467385556
TYRE.JK,2024,2025-03-31,2025-04-08,0.15950179167732154,-0.01130544860205836
UCID.JK,2023,2024-02-26,2024-02-26,0.1571942304539506,0.05718659259460255
UCID.JK,2024,2025-02-17,2025-02-17,0.26147719564546856,0.04660031695056736
ULTJ.JK,2023,2024-03-28,2024-03-28,0.3010049183086584,0.09595484487352349
ULTJ.JK,2024,2025-02-28,2025-02-28,0.2846423730094743,0.03328843712456837
UNIC.JK,2024,2025-03-27,2025-03-27,0.23140263351452184,0.048226622552840256
UNIQ.JK,2023,2024-03-25,2024-03-25,0.6254293906730677,0.18869135743747875
UNIQ.JK,2024,2025-03-26,2025-03-26,0.5834576871276635,-0.3344731918251549
UNTD.JK,2023,2024-04-10,2024-04-16,0.9079033642785893,-0.06536387027226438
UNTD.JK,2024,2025-03-26,2025-03-26,0.7518320933847067,0.07560712315984078
UNTR.JK,2023,2024-02-27,2024-02-27,0.26780845639781425,0.06329721368266739
UNTR.JK,2024,2025-02-27,2025-02-27,0.2853558824853221,0.0007894690254141787
UNVR.JK,2023,2024-03-01,2024-03-01,0.33355184932925136,0.009721517188173313
UNVR.JK,2024,2025-02-13,2025-02-13,0.3926055675111753,-0.10523863102258159
VERN.JK,2024,2025-03-27,2025-03-27,0.643217305602746,0.07829178507627937
VRNA.JK,2023,2024-03-14,2024-03-14,0.2642048649736968,-0.01260318434931886
VRNA.JK,2024,2025-03-18,2025-03-18,0.23506054368011067,-0.02170335557067595
WIDI.JK,2023,2024-04-04,2024-04-04,1.0850126288156567,-0.028977803807990088
WIDI.JK,2024,2025-03-20,2025-03-20,0.9295800599636894,-0.11261854621890734
WIFI.JK,2023,2024-04-16,2024-04-16,0.19591254787330872,0.18422617315630052
WIFI.JK,2024,2025-07-10,2025-07-10,1.1130251242738238,0.03959524681663031
WMPP.JK,2023,2024-05-07,2024-05-07,0.6248344669142962,0.28160985892310986
WMPP.JK,2024,2025-06-23,2025-06-23,0.0,0.0
WMUU.JK,2023,2024-05-07,2024-05-07,0.6248344669142962,0.10736743468068549
WMUU.JK,2024,2025-04-09,2025-04-09,0.8337105298082498,0.02382716049382708
WOMF.JK,2023,2024-05-30,2024-05-30,0.2531044963202968,-0.01930368801840828
WOMF.JK,2024,2025-02-19,2025-02-19,0.1719048458047302,0.09464977020765555
WOWS.JK,2023,2024-03-28,2024-03-28,0.0,-0.7842254149307418
WOWS.JK,2024,2025-03-28,2025-04-08,0.4814482061972068,-0.03441013413593577
WTON.JK,2023,2024-03-29,2024-04-01,0.47639741392310314,-0.120446545391324
WTON.JK,2024,2025-03-21,2025-03-21,0.41183604273849633,0.11216016043930799
ZATA.JK,2023,2024-04-03,2024-04-03,0.0,-1.0042401390044011
ZATA.JK,2024,2025-04-09,2025-04-09,1.0595707194376212,-0.13124778153459504
ZINC.JK,2023,2024-03-31,2024-04-01,0.0,-0.8751345058398328
ZINC.JK,2024,2025-03-28,2025-04-08,0.6691534374999165,-0.051064363292175424
ZYRX.JK,2023,2024-04-02,2024-04-02,0.20061698149651025,-0.08665851978959095
ZYRX.JK,2024,2025-03-27,2025-03-27,0.2226894411105631,0.01680761467511734
